{"val_acc": 0.9985580680073111, "val_loss": 0.004716215704234326, "acc": 0.9987509795437479, "loss": 0.004206935936382072}